{
  "method_requested": "auto",
  "method_used": "padim",
  "num_test_images": 117,
  "num_anomalous_images": 89,
  "num_false_positives": 2,
  "num_false_negatives": 4,
  "image_roc_auc": 0.9791332263242376,
  "image_average_precision": 0.9941321253873321,
  "image_best_f1": 0.9659090909090908,
  "image_best_threshold": 8.795934677124023,
  "pixel_roc_auc": 0.9866392655841735,
  "pixel_average_precision": 0.5280014452087891,
  "pixel_best_f1": 0.6015857019867992,
  "pixel_best_threshold": 9.186058044433594,
  "threshold_mode_requested": "best",
  "image_threshold_used": 8.795934677124023,
  "image_threshold_source": "best",
  "pixel_threshold_used": 9.186058044433594,
  "pixel_threshold_source": "best",
  "uses_test_score_oracle_thresholds": true,
  "image_precision_at_used": 0.9770114942528736,
  "image_recall_at_used": 0.9550561797752809,
  "image_f1_at_used": 0.9659090909090909,
  "pixel_precision_at_used": 0.5096455023463561,
  "pixel_recall_at_used": 0.7339994137189759,
  "pixel_f1_at_used": 0.6015857019867992,
  "min_region_area": 0,
  "prediction_time_sec": 5.606398105621338,
  "evaluation_time_sec": 11.836194276809692
}