{
  "method_requested": "auto",
  "method_used": "padim",
  "num_test_images": 117,
  "num_anomalous_images": 89,
  "num_false_positives": 10,
  "num_false_negatives": 3,
  "image_roc_auc": 0.9791332263242376,
  "image_average_precision": 0.9941321253873321,
  "image_best_f1": 0.9659090909090908,
  "image_best_threshold": 8.795934677124023,
  "pixel_roc_auc": 0.9866392655841735,
  "pixel_average_precision": 0.5280014452087891,
  "pixel_best_f1": 0.6015857019867992,
  "pixel_best_threshold": 9.186058044433594,
  "threshold_mode_requested": "calibrated",
  "image_threshold_used": 8.122203826904297,
  "image_threshold_source": "calibrated",
  "pixel_threshold_used": 6.633386611938477,
  "pixel_threshold_source": "calibrated",
  "uses_test_score_oracle_thresholds": false,
  "image_precision_at_used": 0.8958333333333334,
  "image_recall_at_used": 0.9662921348314607,
  "image_f1_at_used": 0.9297297297297298,
  "pixel_precision_at_used": 0.21376156737998844,
  "pixel_recall_at_used": 0.9630480099016351,
  "pixel_f1_at_used": 0.34986569795647904,
  "min_region_area": 0,
  "prediction_time_sec": 5.662278652191162,
  "evaluation_time_sec": 12.024050235748291
}