{
  "method_requested": "auto",
  "method_used": "patchcore",
  "num_test_images": 117,
  "num_anomalous_images": 89,
  "num_false_positives": 3,
  "num_false_negatives": 1,
  "image_roc_auc": 0.9943820224719102,
  "image_average_precision": 0.9983367964055954,
  "image_best_f1": 0.9832402234636872,
  "image_best_threshold": 0.6049610376358032,
  "pixel_roc_auc": 0.9899043901809635,
  "pixel_average_precision": 0.6250506027313832,
  "pixel_best_f1": 0.6390849025705987,
  "pixel_best_threshold": 0.6292967796325684,
  "threshold_mode_requested": "calibrated",
  "image_threshold_used": 0.6031776070594788,
  "image_threshold_source": "calibrated",
  "pixel_threshold_used": 0.5341054201126099,
  "pixel_threshold_source": "calibrated",
  "uses_test_score_oracle_thresholds": false,
  "image_precision_at_used": 0.967032967032967,
  "image_recall_at_used": 0.9887640449438202,
  "image_f1_at_used": 0.9777777777777777,
  "pixel_precision_at_used": 0.22670794492125432,
  "pixel_recall_at_used": 0.9783170813286336,
  "pixel_f1_at_used": 0.3681122800903236,
  "min_region_area": 0,
  "prediction_time_sec": 10.260409832000732,
  "evaluation_time_sec": 18.42417883872986
}