{
  "method_requested": "auto",
  "method_used": "patchcore",
  "num_test_images": 117,
  "num_anomalous_images": 89,
  "image_roc_auc": 0.9943820224719102,
  "image_average_precision": 0.9983367964055954,
  "image_best_f1": 0.9832402234636872,
  "image_best_threshold": 0.6049610376358032,
  "pixel_roc_auc": 0.9899043901809635,
  "pixel_average_precision": 0.6250506027313832,
  "pixel_best_f1": 0.6390849025705987,
  "pixel_best_threshold": 0.6292967796325684,
  "threshold_mode_requested": "best",
  "image_threshold_used": 0.6049610376358032,
  "image_threshold_source": "best",
  "pixel_threshold_used": 0.6292967796325684,
  "pixel_threshold_source": "best",
  "image_precision_at_used": 0.9777777777777777,
  "image_recall_at_used": 0.9887640449438202,
  "image_f1_at_used": 0.9832402234636871,
  "pixel_precision_at_used": 0.552635523123472,
  "pixel_recall_at_used": 0.758940746648828,
  "pixel_f1_at_used": 0.6395626792131694,
  "min_region_area": 64,
  "prediction_time_sec": 10.843817710876465,
  "evaluation_time_sec": 21.070202827453613
}